{"9": [[0.6859649122807018, 2.1401451688063773], [0.6877192982456141, 2.1429962877641646], [0.6929824561403509, 2.153781739452429], [0.6929824561403509, 2.138186346020615], [0.6964912280701754, 2.1488052652593246], [0.6964912280701754, 2.1462833605314557], [0.6929824561403509, 2.135207187920286]], "10": [[0.6859649122807018, 2.135916557646634], [0.6859649122807018, 2.1337288848140785], [0.6877192982456141, 2.142895709422597], [0.6912280701754386, 2.14987492644996], [0.6929824561403509, 2.1684561269325124], [0.6929824561403509, 2.171746608667206], [0.6964912280701754, 2.1751780376099705]], "11": [[0.6859649122807018, 2.1231195500022486], [0.6877192982456141, 2.1176508878406723], [0.6894736842105263, 2.131791845120882], [0.6859649122807018, 2.140912994585539], [0.6894736842105263, 2.1541109837983785], [0.6929824561403509, 2.1579392408069813], [0.6947368421052632, 2.165525560211717]], "13": [[0.6894736842105263, 2.130702386822617], [0.6894736842105263, 2.139541583312185], [0.6894736842105263, 2.1162189257772344], [0.6859649122807018, 2.128959332014385], [0.6877192982456141, 2.145418235711884], [0.6964912280701754, 2.1520920761844566], [0.6964912280701754, 2.156041767722682]], "15": [[0.6894736842105263, 2.142013736356769], [0.6894736842105263, 2.150661882601286], [0.6912280701754386, 2.1616021365450138], [0.6912280701754386, 2.1951135183635513], [0.6929824561403509, 2.197682572247689], [0.6929824561403509, 2.2181300606643943], [0.6947368421052632, 2.2282540639241537]]}