{"0": 1.4205474853515625, "1": 0.6809995174407959, "2": 1.0074580907821655, "3": 1.61210036277771, "4": 1.8362855911254883, "5": 2.2356789112091064, "6": 2.6288766860961914, "7": 1.5796475410461426, "8": 2.0584824085235596, "9": 2.3136415481567383, "10": 2.3028206825256348, "11": 2.3508832454681396, "12": 2.643571376800537, "13": 1.5816785097122192, "14": 2.234894275665283, "15": 1.8922061920166016, "16": 1.8139333724975586, "17": 1.4606890678405762, "18": 1.116097092628479, "19": 0.8449792265892029, "20": 0.5839899778366089, "21": 1.5457324981689453, "22": 0.5378450155258179, "23": 0.6766750812530518, "24": 0.653896689414978, "25": 0.6376037001609802}