{"(0, 0)": 0.9594491720199585, "(0, 1)": 0.30339857935905457, "(0, 2)": 0.7992333769798279, "(0, 3)": 0.6735891103744507, "(0, 4)": 0.5309640765190125, "(0, 5)": 2.3442800045013428, "(0, 6)": 0.3015856444835663, "(0, 7)": 0.34097129106521606, "(1, 0)": 0.1879798322916031, "(1, 1)": 0.4368722438812256, "(1, 2)": 0.2605585753917694, "(1, 3)": 0.28322869539260864, "(1, 4)": 0.35947689414024353, "(1, 5)": 1.0976715087890625, "(1, 6)": 0.120093435049057, "(1, 7)": 0.4178468883037567, "(2, 0)": 0.46562710404396057, "(2, 1)": 0.618703305721283, "(2, 2)": 0.8030202388763428, "(2, 3)": 0.35500386357307434, "(2, 4)": 0.2342182695865631, "(2, 5)": 0.5948665738105774, "(2, 6)": 0.20102937519550323, "(2, 7)": 0.5831167101860046, "(3, 0)": 0.7847065329551697, "(3, 1)": 0.7184575200080872, "(3, 2)": 0.39722245931625366, "(3, 3)": 0.5401970148086548, "(3, 4)": 0.8697316646575928, "(3, 5)": 0.28351667523384094, "(3, 6)": 0.5171869397163391, "(3, 7)": 1.1303207874298096, "(4, 0)": 0.843708872795105, "(4, 1)": 0.5483488440513611, "(4, 2)": 1.0810582637786865, "(4, 3)": 0.5896141529083252, "(4, 4)": 0.24002179503440857, "(4, 5)": 1.0452815294265747, "(4, 6)": 0.8932197690010071, "(4, 7)": 0.31213608384132385, "(5, 0)": 1.3045353889465332, "(5, 1)": 0.6472166180610657, "(5, 2)": 0.7312957644462585, "(5, 3)": 1.0263757705688477, "(5, 4)": 1.0823134183883667, "(5, 5)": 1.1438802480697632, "(5, 6)": 0.3882473409175873, "(5, 7)": 0.8345986604690552, "(6, 0)": 1.7522317171096802, "(6, 1)": 1.0148851871490479, "(6, 2)": 1.2053098678588867, "(6, 3)": 0.16674599051475525, "(6, 4)": 0.34992027282714844, "(6, 5)": 1.2331279516220093, "(6, 6)": 1.4965606927871704, "(6, 7)": 1.418074607849121, "(7, 0)": 1.0587373971939087, "(7, 1)": 0.49948158860206604, "(7, 2)": 0.3347399830818176, "(7, 3)": 0.779079020023346, "(7, 4)": 0.8832149505615234, "(7, 5)": 0.3522706627845764, "(7, 6)": 0.10209885984659195, "(7, 7)": 0.6418366432189941, "(8, 0)": 1.1534974575042725, "(8, 1)": 1.8617929220199585, "(8, 2)": 0.443009614944458, "(8, 3)": 1.5807775259017944, "(8, 4)": 0.7986029386520386, "(8, 5)": 0.9883837103843689, "(8, 6)": 0.6370534896850586, "(8, 7)": 0.41738447546958923, "(9, 0)": 0.4796811640262604, "(9, 1)": 1.4647619724273682, "(9, 2)": 1.0894463062286377, "(9, 3)": 0.6634514927864075, "(9, 4)": 1.544662356376648, "(9, 5)": 0.801999568939209, "(9, 6)": 1.6626266241073608, "(9, 7)": 0.736507773399353, "(10, 0)": 1.338379979133606, "(10, 1)": 1.0416909456253052, "(10, 2)": 1.3241510391235352, "(10, 3)": 0.7886288166046143, "(10, 4)": 1.4003578424453735, "(10, 5)": 0.5046597719192505, "(10, 6)": 0.5557900071144104, "(10, 7)": 1.2006137371063232, "(11, 0)": 0.48487070202827454, "(11, 1)": 1.1240109205245972, "(11, 2)": 0.8940149545669556, "(11, 3)": 0.5693243741989136, "(11, 4)": 0.9931426048278809, "(11, 5)": 1.6011980772018433, "(11, 6)": 0.9626904726028442, "(11, 7)": 0.579708456993103, "(12, 0)": 0.9517127275466919, "(12, 1)": 0.8896080851554871, "(12, 2)": 1.012880802154541, "(12, 3)": 1.0615826845169067, "(12, 4)": 1.185935378074646, "(12, 5)": 1.5550397634506226, "(12, 6)": 1.545230746269226, "(12, 7)": 0.8538194298744202, "(13, 0)": 1.0020215511322021, "(13, 1)": 0.6588255763053894, "(13, 2)": 0.7086651921272278, "(13, 3)": 0.6472657322883606, "(13, 4)": 0.6425628662109375, "(13, 5)": 0.5880717039108276, "(13, 6)": 0.49798548221588135, "(13, 7)": 0.6359718441963196, "(14, 0)": 0.4085991382598877, "(14, 1)": 0.7054464817047119, "(14, 2)": 0.9492363333702087, "(14, 3)": 1.1227622032165527, "(14, 4)": 1.1311014890670776, "(14, 5)": 0.8609186410903931, "(14, 6)": 1.1456784009933472, "(14, 7)": 0.7833289504051208, "(15, 0)": 0.13221105933189392, "(15, 1)": 0.44430333375930786, "(15, 2)": 1.3396079540252686, "(15, 3)": 0.4864119291305542, "(15, 4)": 0.36250627040863037, "(15, 5)": 0.4296390414237976, "(15, 6)": 1.0859756469726562, "(15, 7)": 0.6418604254722595, "(16, 0)": 0.642305850982666, "(16, 1)": 0.6780917644500732, "(16, 2)": 0.7638595104217529, "(16, 3)": 0.906430721282959, "(16, 4)": 0.5316687226295471, "(16, 5)": 0.3186066746711731, "(16, 6)": 0.8074455261230469, "(16, 7)": 1.3140689134597778, "(17, 0)": 0.6493363380432129, "(17, 1)": 0.20167964696884155, "(17, 2)": 0.7451740503311157, "(17, 3)": 0.823469877243042, "(17, 4)": 0.8052650094032288, "(17, 5)": 0.4279863238334656, "(17, 6)": 0.5214293003082275, "(17, 7)": 0.6976704001426697, "(18, 0)": 0.4088385999202728, "(18, 1)": 0.7228359580039978, "(18, 2)": 0.49813535809516907, "(18, 3)": 0.5655803084373474, "(18, 4)": 0.3440989553928375, "(18, 5)": 0.36221879720687866, "(18, 6)": 0.9648576378822327, "(18, 7)": 0.38768288493156433, "(19, 0)": 0.2699696123600006, "(19, 1)": 0.20236696302890778, "(19, 2)": 0.42857614159584045, "(19, 3)": 0.21775484085083008, "(19, 4)": 0.5914086103439331, "(19, 5)": 0.5291349291801453, "(19, 6)": 0.24154923856258392, "(19, 7)": 0.2697606086730957, "(20, 0)": 0.2223038375377655, "(20, 1)": 0.09168718755245209, "(20, 2)": 0.2917945683002472, "(20, 3)": 0.538871169090271, "(20, 4)": 0.17048268020153046, "(20, 5)": 0.366700679063797, "(20, 6)": 0.19530878961086273, "(20, 7)": 0.35332584381103516, "(21, 0)": 0.42276105284690857, "(21, 1)": 0.3489915728569031, "(21, 2)": 0.7344899773597717, "(21, 3)": 0.33339691162109375, "(21, 4)": 0.527494490146637, "(21, 5)": 0.7102743983268738, "(21, 6)": 1.1210013628005981, "(21, 7)": 0.6226317286491394, "(22, 0)": 0.27428263425827026, "(22, 1)": 0.2751915752887726, "(22, 2)": 0.21955659985542297, "(22, 3)": 0.23118822276592255, "(22, 4)": 0.2983548045158386, "(22, 5)": 0.2278919368982315, "(22, 6)": 0.3104722499847412, "(22, 7)": 0.41698771715164185, "(23, 0)": 0.41327965259552, "(23, 1)": 0.45235100388526917, "(23, 2)": 0.20452675223350525, "(23, 3)": 0.34340572357177734, "(23, 4)": 0.2357410341501236, "(23, 5)": 0.31249576807022095, "(23, 6)": 0.1312486231327057, "(23, 7)": 0.2614520192146301, "(24, 0)": 0.1139507070183754, "(24, 1)": 0.4648866057395935, "(24, 2)": 0.1647222340106964, "(24, 3)": 0.29252853989601135, "(24, 4)": 0.40425899624824524, "(24, 5)": 0.18933042883872986, "(24, 6)": 0.13681164383888245, "(24, 7)": 0.1747613102197647, "(25, 0)": 0.09540845453739166, "(25, 1)": 0.0852348729968071, "(25, 2)": 0.2948509156703949, "(25, 3)": 0.06272020936012268, "(25, 4)": 0.3027591407299042, "(25, 5)": 0.12355442345142365, "(25, 6)": 0.345030814409256, "(25, 7)": 0.5069034099578857}